{
  "Component-preload.js.map": 1725625975462,
  "Component.js": 1724832319410,
  "controller/View1.controller.js": 1724833062533,
  "controller/App.controller.js": 1724832319418,
  "manifest.json": 1725625974795,
  "model/models.js": 1724832319414,
  "model/models-dbg.js": 1724832319414,
  "model/models.js.map": 1725625975265,
  "controller/View1-dbg.controller.js": 1724833062533,
  "controller/View1.controller.js.map": 1725625975266,
  "controller/App-dbg.controller.js": 1724832319418,
  "controller/App.controller.js.map": 1725625975258,
  "Component-dbg.js": 1724832319410,
  "Component.js.map": 1725625975266,
  "Component-preload.js": 1725625975462,
  "i18n/i18n.properties": 1724832319414,
  "view/View1.view.xml": 1724832948557,
  "view/App.view.xml": 1724832319426,
  "css/style.css": 1724832319422,
  "index.html": 1724832319410
}